,loss,acc,val_loss,val_acc
0,0.41221364257650245,0.8169999718666077,0.3514265186339617,0.8669999837875366
1,0.30210144022272695,0.8797222375869751,0.28552279165014627,0.8989999890327454
2,0.256049452866945,0.8999999761581421,0.23727856298908592,0.9150000214576721
3,0.22467985888891337,0.9142777919769287,0.2468107387330383,0.9079999923706055
4,0.1941300390324452,0.9265555739402771,0.27505662937182934,0.8980000019073486
5,0.17269642358516446,0.9341111183166504,0.22091983970254658,0.9190000295639038
6,0.1528387087471007,0.9411110877990723,0.2230442954134196,0.9269999861717224
7,0.13206764730068649,0.9514999985694885,0.2506301160575822,0.9229999780654907
